Model,Training accuracy,Training F1 score,Testing accuracy,Testing F1 score
decision_tree,0.9996871321940972,0.999687138147874,0.3273442388486636,0.3273025455355521
mlp,0.6535510495969965,0.6539761938249636,0.2728762551771401,0.2729775436602631
random_forest,0.9996871321940972,0.9996871408419322,0.3876225380650159,0.3873892785316157
svm,0.2151934565933165,0.207893101102164,0.2061917106164894,0.198526624192967
mlp_sgd,0.6511672948853563,0.6504553761398311,0.310956169363249,0.3099543915612912
gridsearch_mlp,0.992759345063393,0.992759995138156,0.3395607997377909,0.3395917921827713
gridsearch_decision_tree,0.9996871321940972,0.999687138147874,0.3339888561127499,0.3340063602367559
gridsearch_random_forest,0.9996871321940972,0.9996871271736069,0.40132892345281723,0.40103341734952513
